ID,BIRTHDATE,DEATHDATE,SSN,DRIVERS,PASSPORT,PREFIX,FIRST,LAST,SUFFIX,MAIDEN,MARITAL,RACE,ETHNICITY,GENDER,BIRTHPLACE,ADDRESS
5247a9ef-7702-4d70-b7af-a863a64a3902,2002-04-06,,999-32-9254,,,,Eliane414,White454,,,,white,irish,F,Reading MA US,1059 Cyrus Points Berlin MA 01503 US
7ae34cf3-b987-485b-b69a-495bde51be3f,1957-09-09,,999-36-5363,S99970190,X79580504X,Mrs.,Ferne627,Kunze600,,Hegmann411,M,white,french_canadian,F,Lawrence MA US,786 Ena Rest Apt. 656 Ashland MA 01721 US
a10f88b5-db47-41bf-b1b6-31a7cb847ca4,1930-01-19,1984-08-04,999-77-8707,S99994571,false,Mrs.,Jaylon58,Block387,,Ankunding161,M,white,italian,F,Boston MA US,13489 Reinhold Isle Suite 193 Boston MA 02196 US
6bafe497-ffc5-4f96-943e-b38d243c5788,2014-05-21,,999-97-4920,,,,Amina595,Terry282,,,,black,west_indian,M,Athol MA US,895 Reichert Divide Apt. 185 Winchendon MA 01475 US
405f170e-f246-413b-be6c-02aa629ec275,1936-12-19,1999-08-07,999-47-5914,S99956564,false,Mr.,Amara485,Macejkovic214,,,S,hispanic,puerto_rican,M,Cohasset MA US,39116 Hilton Lodge Waltham MA 02453 US
7fb4b747-596b-40ba-b822-54469258c531,1968-11-24,,999-59-5075,S99984979,false,Mr.,Arjun622,Wilkinson865,,,S,white,english,M,Wayland MA US,68961 Janiya Crossing Apt. 601 Waltham MA 02453 US
cdec7cd8-6736-4bf1-b5d5-a6295ad8b07e,1974-05-14,,999-76-9602,S99950645,X95740032X,Mr.,Brielle4,Leuschke717,,,S,asian,chinese,M,Framingham MA US,58610 Oceane Light Suite 897 Gloucester MA 01930 US
626b4308-cbdb-4d66-baf1-e5278438f271,2008-10-05,,999-11-2040,,,,Reuben928,Kassulke108,,,,white,russian,M,Boston MA US,9731 Lemke Points Dudley MA 01571 US
0b0d8d63-706e-44c1-a06b-11cf3f69f21b,1930-06-29,2003-07-13,999-81-9658,S99930524,false,Mr.,Chloe702,Rau728,,,M,white,italian,M,Cambridge MA US,8202 Ramiro Flat Apt. 419 Walpole MA 02081 US
66c69218-2827-4888-9a77-8103afc0b9b4,1985-08-12,,999-64-3113,S99958222,false,Mr.,Kyra246,Tillman384,,,M,white,swedish,M,Andover MA US,24004 Lowe Corners Suite 832 Shirley MA 01464 US
f853849a-983c-4307-92e3-2a6097eafb72,1974-08-19,,999-70-2314,S99928689,X59072482X,Ms.,Garfield294,Weimann668,,,S,asian,asian_indian,F,Leominster MA US,37263 Rhea Landing Apt. 843 Boston MA 02215 US
f771afa8-bf85-4d1d-a1cf-ee1e3d8c12f6,1921-12-15,2000-12-14,999-52-2364,S99977543,false,Mr.,Cleora553,Dach121,,,M,white,english,M,Woburn MA US,4898 Wintheiser Center Suite 637 Peabody MA 01961 US
4e1521c0-d60c-4ee0-86b0-cd969c390b13,2016-10-09,,999-77-8663,,,,Callie16,Purdy466,,,,black,african,F,Acton MA US,100 Mohr Tunnel Apt. 464 Newton MA 02465 US
4edb8b8a-9240-4b01-b5e8-89186f31d33e,1920-02-25,2007-07-11,999-65-2803,S99933856,false,Mrs.,Margarette564,Olson566,,Walter261,M,white,french,F,Chatham MA US,4944 Hettie Alley Suite 405 Lexington MA 02421 US
8ccf5b9c-bbf7-4d02-9c16-8057a997b05a,1990-05-19,,999-72-9499,S99997137,false,Mrs.,Koby24,Mayert597,,Kozey538,M,white,french,F,West Springfield Town MA US,8540 Donnie Court Apt. 582 Chelsea MA 02150 US
b5bd10ea-a7cc-49bf-be9c-48e32635d12c,1998-11-02,,999-11-6961,S99993987,,Ms.,Demario793,Frami913,,,,black,dominican,F,New Bedford MA US,94611 Bernhard Hill Manchester-by-the-Sea MA 01944 US
ee853be7-0113-4fb4-80fa-1abe0691bad7,1967-07-22,,999-51-1012,S99963796,X68116938X,Mr.,Nigel649,Corwin469,,,S,white,german,M,Attleboro MA US,67255 Leila Lake Mashpee MA 02649 US
cf191a39-5647-4fdf-bc9d-b568baf0e287,1998-06-02,,999-72-7547,S99930674,,Ms.,Margarita21,Hamill374,,,,white,irish,F,Hanover MA US,3642 Kerluke Shoals Malden MA 02148 US
8d80df07-ac6d-4904-882d-ad48549b77da,1919-03-20,1972-08-10,999-96-2123,S99926929,X67497203X,Mrs.,Erin434,Blanda182,,Ortiz629,M,white,irish,F,Salisbury MA US,4810 Dalton Streets Suite 746 Worcester MA 01607 US
00a19243-e8ab-4159-bf8f-a9362bce1e34,1924-12-21,2005-07-17,999-61-7612,S99947325,false,Mrs.,Dean664,Tremblay74,,Buckridge726,M,white,irish,F,Lowell MA US,85192 Deontae Drives New Bedford MA 02742 US
eca8897d-b2c3-44c7-ba8a-bc33d008f6a7,1972-03-24,,999-75-5376,S99982188,false,Mrs.,Dedric871,Feil820,,Lindgren491,M,white,english,F,Southwick MA US,7632 Ulices Roads Apt. 253 Barnstable Town MA 02630 US
afeec5a4-3017-4e88-84c4-3f703433a165,1983-03-30,,999-93-8852,S99947333,X42256637X,Ms.,Matteo140,Zboncak493,MD,,S,white,polish,F,Boston MA US,60803 Madyson Mall Blackstone MA 01504 US
b9edef01-80be-4247-90a8-05df833b572a,1962-10-29,,999-21-8909,S99993789,X63477784X,Ms.,Ethyl858,Will287,,,S,white,english,F,Plymouth MA US,136 Barney Corners Chicopee MA 01013 US
d1f5b029-d894-42a5-8da0-7100654d7c40,2011-06-10,,999-20-8502,,,,Yessenia362,Kreiger826,,,,black,west_indian,M,Rehoboth MA US,78767 Erika Cliff Apt. 180 Weymouth Town MA 02190 US
add5c39d-2d68-46f8-9ff5-42f922673f8d,1965-06-14,,999-25-2037,S99995866,false,Mrs.,Modesto110,Pouros291,,Kuphal707,M,white,portuguese,F,Boston MA US,9710 Murray Gateway Boston MA 02228 US
6dd3471a-13e1-41d3-afa4-5b48e2673fde,1950-01-13,,999-83-9777,S99952001,X99286042X,Mrs.,Erich200,Rogahn883,,Wolf324,M,white,irish,F,Everett MA US,288 Arthur Well Suite 227 Bellingham MA 02019 US
b4be3000-2895-48dd-af7e-89801556f5ab,2015-07-20,,999-89-1864,,,,Jana187,Beier706,,,,black,dominican,F,Boston MA US,620 Tavares Terrace Sandwich MA 02563 US
bd4b738d-cfe4-43db-b81d-2f5fbec58468,1989-10-03,,999-14-2060,S99956417,false,Mr.,Maxie4,White454,,,M,white,irish,M,Dalton MA US,79875 Mante Gateway Worcester MA 01653 US
a213a4e5-9fef-4e8e-b305-4f9f25e21f22,2008-10-26,,999-26-1032,,,,Hilma452,Huels418,,,,white,english,F,Boston MA US,6238 Lionel Gardens Southborough MA 01745 US
c2ee59cb-0442-425b-bd38-8bdbe081ed2b,1961-04-12,,999-14-8489,S99966575,X49285862X,Mr.,Mattie697,Hilll451,,,M,white,irish,M,Norfolk MA US,462 Aurore Summit Cambridge MA 02238 US
a6e83551-88bf-42ee-bc97-e4fe5dfcc3ec,2015-05-28,,999-73-5893,,,,Domenica857,Cummings242,,,,white,italian,F,Southbridge Town MA US,9400 Novella Key West Springfield Town MA 01090 US
06f3105c-e239-4901-bdd0-8c0dca7a83dc,2005-10-11,,999-40-6059,,,,Everardo537,Dicki60,,,,white,irish,M,Boston MA US,801 Bulah Isle New Bedford MA 02741 US
d90a0129-1584-486c-8aae-4545e9bc4977,2004-12-27,,999-18-6402,,,,Noble346,Hackett330,,,,white,english,M,Medford MA US,46668 Oren Corners Agawam Town MA 01001 US
5faf4776-0a5f-437d-bf51-4bf669fcef29,1987-01-28,,999-33-7701,S99924273,X88490380X,Ms.,Howell741,Bechtelar328,,,S,asian,asian_indian,F,Douglas MA US,8629 Mills Spur Norfolk MA 02056 US
97ff3c0d-364a-40ad-a65c-f7855a19540d,1999-08-28,,999-27-6739,S99978597,,,Melba934,Monahan432,,,,white,english,F,Wilbraham MA US,259 Orin Place Apt. 234 Hubbardston MA 01452 US
cfded960-4848-497b-9583-ba0d5cfa4462,1995-04-22,,999-42-9181,S99987634,X19369627X,Mr.,Kyra246,Hermiston469,,,,white,american,M,Dedham MA US,144 Erdman Run Suite 933 Randolph MA 02368 US
b25cecc6-ee2b-431e-81da-1b8db0558f7f,1928-08-06,2008-04-11,999-39-1134,S99915533,false,Mrs.,Ervin191,Wolff531,,Wilderman607,M,asian,chinese,F,Brockton MA US,26688 McGlynn Burgs Suite 525 Boston MA 02120 US
857bd69d-602b-494e-8794-b92d2d0366f6,1959-12-02,,999-13-9171,S99960047,X51150414X,Mr.,Nils479,Kreiger826,,,M,asian,chinese,M,Boston MA US,8565 Howell Radial Apt. 959 Holyoke MA 01040 US
6071c0b8-0f60-4575-a4b5-e78ea4df9372,2010-01-14,,999-58-8219,,,,Dan108,Gleason660,,,,white,american,F,Concord MA US,63821 Breana Mews Newton MA 02456 US
b40804b1-0a25-4ea8-8fe3-d6cd4a1065ce,2000-02-27,,999-82-9085,S99979714,,,Clinton598,Auer189,,,,white,italian,F,Boston MA US,6478 Mireille Pike Boston MA 02122 US
7b827e7e-8bdc-49c8-a68b-43625046355c,1964-06-15,2013-01-06,999-72-3543,S99961263,false,Mr.,Selmer983,Wunsch44,,,M,white,irish,M,Chelmsford MA US,962 Julianne Lock Suite 356 Milford MA 01757 US
3d2021af-7df7-438d-9cc2-b4fd3b104af3,1981-10-07,,999-91-1413,S99971388,X55713503X,Mrs.,Kaleigh926,Swift15,,Rolfson330,M,white,irish,F,Longmeadow MA US,776 Howell Highway Suite 145 Attleboro MA 02703 US
fc865a62-5ad6-4370-aeef-552cabdc7002,2005-11-16,2013-10-16,999-65-9929,,,,Justine257,Lowe715,,,,white,french_canadian,M,South Hadley MA US,93261 Ivy Stream Chelsea MA 02150 US
3513fa2d-2ad2-4ae2-ad40-8595429d2317,2009-08-13,,999-54-3576,,,,Mertie989,Lind520,,,,black,african,M,Franklin Town MA US,5572 Akeem Lakes Lawrence MA 01841 US
0a7b74e0-a260-4714-9076-a6904e850b5a,1968-09-22,,999-24-9469,S99986570,false,Mrs.,Sim12,Waelchi841,,Nader326,M,white,italian,F,Worcester MA US,71082 Glover Loaf Taunton MA 02780 US
4b44b13b-70f4-4d8b-94fb-400d333e621e,1923-01-23,2013-12-24,999-12-3966,S99966313,false,Mr.,Kristopher367,McLaughlin490,,,M,white,italian,M,Melrose MA US,3264 Kolby Circle East Longmeadow MA 01116 US
fade51e2-0fad-4385-882d-15ddfa6f1e19,1954-04-14,,999-95-5858,S99918802,false,Mr.,Meta938,Okuneva369,,,M,black,dominican,M,Shrewsbury MA US,83213 Cormier Radial Lowell MA 01850 US
a87ee126-de34-4d94-bb35-8a7105fb2026,1976-01-19,,999-72-9272,S99960519,X84163650X,Mr.,Everett571,Kirlin978,,,M,white,american,M,Brockton MA US,79709 McDermott Inlet Seekonk MA 02771 US
e659eba9-bb51-4115-a4ad-59d5d20d9200,2017-02-08,,999-50-5022,,,,Jewel745,Grant476,,,,white,irish,F,Quincy MA US,345 Mann Radial Suite 972 Lenox MA 01240 US
99b0ecc3-c56c-4f79-bfe7-350a7a50599f,2012-04-30,,999-42-7680,,,,Sammy963,Wiza610,,,,white,irish,M,Quincy MA US,76300 Gaylord Overpass Boston MA 02135 US
b8185386-7799-41f5-81a9-4bba87328d18,1944-01-07,1979-08-31,999-21-4974,S99950925,X62225278X,Mr.,Jessyca399,Murray373,JD,,M,white,french,M,Chelsea MA US,8858 Otis Forks Easton MA 02334 US
851ff0dd-d7f1-43c6-8943-984ebd3072f4,1955-02-27,,999-99-5953,S99912868,X14534641X,Mrs.,Izabella776,Kris572,,Collins509,M,asian,chinese,F,Worcester MA US,5259 Johns Wall Apt. 339 East Longmeadow MA 01116 US
81e0dcda-88b4-4dbe-b267-0049f4230327,1988-11-12,,999-81-2694,S99977029,false,Mr.,Evan457,Wilkinson865,,,M,black,african,M,Newton MA US,561 Trenton Trafficway Yarmouth MA 02675 US
af06b5cb-142e-41d5-9f1d-92d683bdcb43,1991-02-03,,999-57-1222,S99946200,false,Mr.,May52,Funk49,,,,white,french,M,Milton MA US,96269 Daugherty Park Wellesley MA 02481 US
1bb30226-3f06-40c7-b30c-901435597948,1922-04-30,1981-08-18,999-30-5726,S99933775,false,Mr.,Katarina741,Hoppe775,,,M,white,french,M,Milton MA US,9880 Zboncak Wells Sudbury MA 01776 US
59dd386d-67bc-42a3-865b-72cb65383d44,1964-12-23,,999-77-1864,S99996254,X38280154X,Mrs.,Daphne542,Prohaska537,,Kub372,M,white,american,F,Shirley MA US,2929 Carey Fort Suite 796 Springfield MA 01139 US
4f1b7687-3365-4b4a-8e0b-975b64475473,1967-11-26,2004-10-31,999-23-2060,S99937227,X29187071X,Mrs.,Ariane52,Gislason900,,Green37,M,white,german,F,Sandwich MA US,7398 Oberbrunner Fort Acushnet MA 02745 US
9b4d032b-7398-463b-b37f-33aa110ee3b1,1940-03-10,1989-05-15,999-57-4305,S99932707,false,Mr.,Giles317,Maggio576,,,S,white,italian,M,Worcester MA US,74096 Edmund Underpass Apt. 239 Sheffield MA 01257 US
68b85d2d-2396-4833-aa70-1ecf4b67d762,1938-11-18,1998-10-23,999-70-1271,S99953948,false,Mr.,Raymond191,Beer769,,,M,hispanic,puerto_rican,M,Springfield MA US,781 Mraz Throughway Cheshire MA 01225 US
c08e213f-0561-42ed-9fb8-7ffdff367fcb,2016-10-13,,999-65-9007,,,,Kianna327,Kuhic197,,,,white,portuguese,F,Peabody MA US,690 Eloisa Avenue Suite 870 Ludlow MA 01056 US
ea9366b5-2123-48b1-a804-15bdd9cb35c2,2014-08-18,,999-79-1299,,,,Sierra710,Price828,,,,white,irish,F,Taunton MA US,30337 Schimmel Lane Natick MA 01760 US
f6629cf9-4f11-4d49-8b87-b697aade39c3,1987-05-31,,999-22-3280,S99950135,false,Mr.,Shyann615,Volkman893,,,M,white,english,M,Swansea MA US,719 Ayden Lodge Apt. 750 Franklin Town MA 02038 US
bd9cc165-c2d4-426d-a23c-298e6661a053,1952-11-01,,999-13-7218,S99963117,false,Mr.,Chadrick194,Vandervort85,,,S,white,german,M,Boston MA US,9461 Mallie Spur Lexington MA 02420 US
ae9a9e6a-1586-49d4-b578-371670dbfffc,1922-03-11,1989-07-08,999-40-3978,S99968462,X15658336X,Mr.,Aurore725,Gerhold213,,,S,white,portuguese,M,Taunton MA US,94585 Geoffrey Shores Dracut MA 01826 US
59d00f0e-ecad-474f-8bfd-a06d1afd0386,2007-06-12,,999-28-1587,,,,Martine565,Marks88,,,,white,irish,F,Newton MA US,285 Halvorson Heights Suite 748 Waltham MA 02452 US
698d3e84-65bb-4785-aec6-77e034f029b7,1962-04-13,1962-07-27,999-80-3624,,,,Agustin461,Emard801,,,,white,italian,M,Milton MA US,461 Lavon Place Apt. 799 Athol MA 01331 US
bd023642-82e2-4bfa-9623-7b15041babaf,1947-11-30,1994-01-23,999-38-6735,S99958830,X32756636X,Mr.,Quinton44,Steuber546,,,M,white,polish,M,Springfield MA US,9236 White Freeway Apt. 107 Malden MA 02148 US
b9bd993a-35f7-41c6-944b-62ee88168675,1995-11-06,,999-18-9398,S99933334,false,Mr.,Lori289,Barton80,,,,white,irish,M,Cambridge MA US,3795 Heaven Track Woburn MA 01813 US
966f0173-b023-4596-9a3c-4edcac990f90,1923-09-02,2001-09-30,999-78-3696,S99921987,X68820782X,Mr.,Donna973,Willms242,,,M,white,irish,M,Boston MA US,44896 Hoppe Islands Suite 135 Hingham MA 02044 US
b60aeb54-866e-4b95-b36b-224533590194,1970-12-25,,999-35-6095,S99925411,false,Mrs.,Madison280,Quigley926,,Feil820,M,asian,chinese,F,Lynnfield MA US,7589 Willms View Medfield MA 02052 US
c18ffcd2-b43d-453b-9d8d-2c98768d2e2a,1933-04-28,1989-12-08,999-80-7188,S99957354,X94425136X,Mr.,Melba934,Schaefer625,,,S,black,dominican,M,Gloucester MA US,4376 Kub Corner Suite 313 Weymouth Town MA 02190 US
99b853f9-b754-423c-81a6-2f4d883f885e,1985-07-15,,999-38-3303,S99995413,X24652713X,Mr.,Pearl662,Johnston414,,,S,white,polish,M,Lawrence MA US,7110 Bill Fields Apt. 908 Brockton MA 02302 US
f4bc400a-9230-4fd9-a825-d348550e4e57,1999-06-23,,999-53-2437,S99963273,,,Aaliyah29,Von650,,,,white,american,M,Plymouth MA US,2861 Barrows Crest Suite 645 Chicopee MA 01022 US
7476011b-10d3-4d3f-b518-79ce1c14c4cf,1997-08-04,,999-22-7875,S99943785,,Ms.,Howell741,Kovacek906,,,,white,american,F,Boston MA US,9329 Joel Shore Attleboro MA 02703 US
bf208da5-3c0e-4649-b9f9-a4ec6e55e28b,1934-11-08,2016-12-01,999-51-3899,S99955272,X10065161X,Mrs.,Opal912,Abbott230,,White454,M,white,italian,F,Springfield MA US,11541 Jaiden Drives Chelmsford MA 01824 US
46a5c83d-fd57-48c0-907d-024fd1ce6968,1941-12-06,1992-02-11,999-34-4971,S99949083,false,Mr.,Lois880,Jast954,,,M,white,portuguese,M,Hopkinton MA US,66276 Schaefer Isle Leominster MA 01453 US
0f1a1f48-fc86-42dc-9216-1fe74106909d,1984-12-18,,999-27-2738,S99929660,false,Mr.,Otho863,Jones497,,,M,white,irish,M,Revere MA US,75655 Tillman River Westford MA 01886 US
acac03e2-421e-4b4d-abb3-7e8bdedf65e2,1922-12-04,1981-07-20,999-55-1491,S99925858,X27482104X,Mrs.,Maurine725,Brown709,,Barrows574,M,asian,asian_indian,F,Somerville MA US,739 Gutmann Union Quincy MA 02170 US
e6e3964e-acfe-4570-b9be-d6cc260f2c01,2009-08-31,,999-96-1429,,,,Felicity288,Balistreri778,,,,hispanic,puerto_rican,M,Stoneham MA US,5205 Jakubowski Road Westford MA 01886 US
3783b5c3-f088-4b86-8c5d-7eec65991d01,1998-09-02,,999-90-9037,S99951515,,Mr.,Ben491,Haley774,,,,white,english,M,East Brookfield MA US,76745 Bechtelar Orchard Grafton MA 01519 US
c55df0df-486a-4e18-a193-e7d34f0992dd,1960-09-13,,999-81-4690,S99952482,false,Mr.,Bridgette190,Ferry455,,,S,white,swedish,M,Russell MA US,33818 Sawayn Branch Apt. 707 New Bedford MA 02743 US
01241a27-622a-4128-843b-0ac03972f8b5,1998-06-29,,999-14-8487,S99936550,,Ms.,Delores392,Ryan956,,,,white,italian,F,Framingham MA US,18599 Sunny Underpass Chelsea MA 02150 US
37f4ccd7-3574-4e93-b068-f328cad27756,1921-06-06,1997-10-13,999-45-8352,S99946789,X60459472X,Mrs.,Aurelia696,Wunsch44,,Breitenberg39,M,white,polish,F,Marshfield MA US,22817 Celestino Mission Suite 770 Andover MA 05544 US
0bb4d6c7-6ca0-4919-b2d2-c02d396500ff,1984-07-23,,999-12-3358,S99958435,X68252873X,Ms.,Jayda54,Murazik313,,,S,white,irish,F,Attleboro MA US,725 Percival Underpass Acton MA 01718 US
39e74123-fea5-4e41-840f-b4d124419dbc,1955-08-29,,999-25-6231,S99919542,X83163693X,Mr.,Bridgette190,Balistreri778,,,M,hispanic,puerto_rican,M,Westminster MA US,968 Hollie Forge Suite 177 Lynn MA 01902 US
0c4afe83-0d6c-4fbd-a7c4-9fabdf74f9ce,1976-06-28,,999-27-2744,S99915835,X40788616X,Mr.,Wilson89,O'Connell102,,,M,white,polish,M,Ludlow MA US,7805 Reynolds Springs Suite 691 Peabody MA 01960 US
37241725-ade4-46cf-9080-d7a7523ef311,1934-03-18,1982-12-31,999-51-3071,S99982427,X70335521X,Mr.,Reina388,Hessel77,,,M,white,french,M,Cohasset MA US,896 Estevan Route Apt. 349 Beverly MA 01915 US
1ee8f870-f2d5-4119-9d72-26d36e3c73c0,1973-08-12,,999-54-5582,S99923507,false,Mr.,Madisen74,Dare664,,,M,white,polish,M,West Newbury MA US,89354 Wiza Key Apt. 545 Boston MA 02128 US
b62c5c32-2e0b-4c6f-8ef5-38fa8ddec870,1966-07-15,,999-51-8547,S99989397,X60970625X,Mrs.,Dana221,Harris817,,McCullough654,M,white,italian,F,Walpole MA US,918 Jacobs Overpass Suite 196 Norwood MA 02062 US
0e25e0d1-d0b9-4567-a329-b93790fb9a32,1942-05-13,2006-01-16,999-76-4393,S99943670,X73969613X,Mr.,Dorris847,Willms242,,,M,white,italian,M,Boston MA US,90884 Kuphal Stravenue Melrose MA 02176 US
c5b6d115-1ae0-4053-b760-fb39fce22c9f,1922-12-05,2006-05-19,999-50-1081,S99993471,X15212323X,Mrs.,Meda672,Shields486,,Corkery329,M,white,german,F,Cambridge MA US,15659 Emil Lodge Apt. 950 Lowell MA 01851 US
addfa155-8d2f-4f1f-8589-06a5ac8aa2b5,1923-08-06,1998-11-09,999-75-1275,S99945665,false,Mrs.,Estelle897,Von650,,DuBuque690,M,hispanic,puerto_rican,F,Ludlow MA US,80718 Price Valleys Boston MA 02137 US
af97b806-c33a-4f5b-a77a-6c68df84dbb2,1988-05-03,,999-79-4861,S99968604,false,Mr.,Lavada753,Graham989,,,M,white,portuguese,M,Hingham MA US,967 Katelynn Coves Lexington MA 02421 US
facfa24e-990d-4f44-a056-3df3a56fb492,2013-10-15,,999-31-3496,,,,Khalid320,Becker359,,,,white,irish,F,New Bedford MA US,4073 O'Keefe Vista Apt. 864 Gardner MA 01440 US
85ee237a-e34b-4dcc-a0a2-30296112705e,2002-06-15,,999-35-3302,,,,Aurore725,Crooks881,,,,white,irish,F,Williamsburg MA US,832 Lilla Overpass Suite 853 Brockton MA 02302 US
185e52c5-bc68-45df-ac51-7d133699d14f,1997-04-06,,999-67-6894,S99946770,false,Ms.,Dante841,Kris572,,,,white,irish,F,Boston MA US,102 Hermann Bypass Deerfield MA 01342 US
a97709ae-057e-4671-9abe-ba15e55400b6,1986-01-31,,999-24-3392,S99921952,false,Mrs.,Dasia347,Stroman902,,Rutherford525,M,white,irish,F,Dunstable MA US,4077 Rodriguez Square Apt. 290 Dennis MA 02638 US
4e8e4f1e-7cc3-4e30-8908-059d56094fd2,2010-12-31,,999-45-8216,,,,Hobart45,O'Kon861,,,,white,english,M,Woburn MA US,13224 Cordia Circle Needham MA 02494 US
c6d6f38a-62cb-420f-adc7-680335f588d6,1944-10-12,2003-06-08,999-12-1971,S99987039,false,Mr.,Fletcher826,Wiegand980,,,M,white,french,M,Sandwich MA US,1903 Cassin Freeway Suite 213 Chicopee MA 01020 US
8449c355-955b-4938-bfd0-9048981312f5,1933-04-07,1999-03-29,999-29-1680,S99979220,false,Mrs.,Beverly641,Thompson397,,Orn148,M,hispanic,puerto_rican,F,Medfield MA US,49683 Russel Summit Apt. 448 Wilmington MA 01887 US
bb88e5be-52ac-457b-9add-e82300081352,1998-04-29,,999-70-7958,S99960557,,Ms.,Garrick241,Gutkowski264,,,,white,french,F,Salem MA US,14114 Sandra Lock Chelmsford MA 01824 US
49958d95-88d1-4f1e-9a17-a9025527a9c6,2002-09-16,,999-74-4241,,,,Hank186,Wiegand980,,,,white,italian,M,Westfield MA US,84663 Margarita Lakes Suite 201 Oxford MA 01540 US
7227e3b7-35d8-47d3-b39a-232845602a1b,1925-05-18,2011-01-04,999-63-6826,S99976116,X52281545X,Mrs.,Isabell212,Keebler566,,Oberbrunner906,M,white,american,F,Sharon MA US,87991 Jailyn Points Apt. 700 Middleton MA 01949 US
f18b1c92-09f8-4e0b-a599-8061c2061618,1993-12-16,,999-71-7523,S99930148,X27821777X,Mr.,Billie951,Hintz503,,,,hispanic,puerto_rican,M,Springfield MA US,84343 Hirthe Dam Worcester MA 01603 US
d3d1d958-9da4-4ad3-8dc3-b74d12f992d3,1952-09-07,,999-99-4030,S99923034,X50506326X,Mr.,Lonie240,Morar518,,,M,white,italian,M,Sharon MA US,2349 Tromp Row Suite 744 Wareham MA 02571 US
e2ed770f-fb13-4c36-9a6e-44dc432c8e9e,1940-11-25,,999-84-2855,S99938751,X67150545X,Mr.,Nikko303,Schuster633,,,M,white,irish,M,Chelsea MA US,21997 Paula Trail Suite 370 Lawrence MA 01841 US
ccc62ed5-8da4-4b47-8113-d23a246eb55f,1995-04-02,,999-37-5077,S99920291,X47941518X,Mr.,Shawna279,Ortiz629,,,,white,german,M,Somerset MA US,64405 Eliane Road Waltham MA 02452 US
5fd9a7c0-35ae-41b6-87cb-1101862d5da0,1981-01-06,,999-36-7426,S99910067,false,Mr.,Tristin928,Muller645,,,M,white,irish,M,Milford MA US,61846 Garrett Parkway Apt. 132 Southbridge Town MA 01550 US
fed20f14-1595-43ef-9dda-39ba53dea688,1977-04-22,,999-98-8552,S99980106,X68075834X,Mr.,Delphine654,Jakubowski990,MD,,M,white,english,M,Fitchburg MA US,5687 Rosenbaum Crossing Pittsfield MA 01202 US
f0ef9d0c-8856-4363-ab7d-d12a889e10a6,1974-11-14,,999-50-9943,S99947727,X67581949X,Mrs.,Kendrick614,Romaguera91,,Donnelly830,M,asian,asian_indian,F,Sutton MA US,7114 Cummerata Alley Apt. 111 Seekonk MA 02771 US
a621d276-aa14-46df-8135-07f76c810b6f,1973-07-30,2009-12-21,999-45-7553,S99962429,false,Mrs.,Isobel731,Armstrong119,,Volkman893,M,white,italian,F,Belmont MA US,7098 Crystel Manors Hingham MA 02044 US
0ba437d6-13f1-4f9a-82ac-4d3b70877227,2009-08-27,,999-23-3905,,,,Durward81,Altenwerth801,,,,asian,chinese,F,Worcester MA US,98308 Makenna Locks Framingham MA 01701 US
b09d383e-5a8c-470f-828a-bb16ee4cd525,1945-06-14,,999-28-9244,S99956381,X46941466X,Mrs.,Braulio820,Davis840,,Cummerata886,M,hispanic,puerto_rican,F,Sandwich MA US,765 Teresa Oval Suite 838 Norwell MA 02061 US
43907405-6538-4d5b-8241-bb23c1025c41,2006-02-01,,999-33-8049,,,,Sheridan641,Daniel365,,,,white,english,M,Westborough MA US,82291 Heller Harbor Boston MA 02196 US
9ea630db-2f7a-4d90-accf-47f0d0d2c69e,1938-10-20,1991-11-28,999-74-1798,S99927436,X36005350X,Mr.,Joshuah255,Mueller95,,,M,white,german,M,Revere MA US,622 Konopelski Drive Shirley MA 01464 US
5cf946d2-0c90-4bf1-bf49-b91191771aad,1989-04-21,,999-46-2190,S99995579,false,Ms.,Timothy813,Dicki60,,,S,hispanic,puerto_rican,F,Lee MA US,970 Kathryn Drives Suite 239 Hudson MA 01749 US
58dded8c-3361-48b6-9c2c-9d4457f40fd0,1941-02-25,2008-01-22,999-46-2600,S99998275,X31179319X,Mrs.,Izabella776,Macejkovic214,PhD,Swift15,M,hispanic,puerto_rican,F,Worcester MA US,599 Durgan Plains Apt. 564 Plymouth MA 02361 US
b8b6d277-b711-49ac-acd8-e9b60960bcf0,1989-04-21,,999-64-3283,S99923434,false,Mrs.,Eleanore331,Hintz503,,Veum529,M,white,scottish,F,Halifax MA US,3467 Ratke Ridges Suite 884 Attleboro MA 02703 US
e5801727-a9c2-4f84-b09e-e041b0543fa3,1931-05-12,1995-12-24,999-31-3602,S99986457,false,Mrs.,Brian340,Von650,,Breitenberg39,M,white,irish,F,North Attleborough MA US,507 Ellen Junction Apt. 230 Townsend MA 01474 US
128a1a63-34bb-4799-a0e8-84da56295f57,1993-11-21,,999-98-3606,S99963004,X63032125X,Mr.,Renee988,Harvey863,,,,white,german,M,New Bedford MA US,8727 Summer Bridge Falmouth MA 02541 US
1203dd9b-a449-4076-bba0-e01eb34e3681,1942-07-26,2007-11-04,999-81-3740,S99945609,X88233028X,Mrs.,Valentin720,Ondricka671,,Ledner57,M,white,portuguese,F,North Andover MA US,279 Emory Course Apt. 370 Franklin Town MA 02038 US
75291218-2ca3-4cf4-82b5-d664fdeb54f1,1956-05-02,,999-89-3868,S99971640,X45834620X,Mrs.,Ethan114,Stokes356,,Gislason900,M,white,english,F,Bridgewater MA US,8053 Tremblay Circle Suite 479 Salem MA 01971 US
e53c0f38-868e-4b05-9a71-a39afa40daec,1969-08-15,,999-26-1883,S99994334,false,Mrs.,Ashlynn214,Cormier182,,Medhurst680,M,white,italian,F,Medford MA US,64436 Amparo Isle Lowell MA 01851 US
e407d057-dee7-49fb-9a04-7bbe92c79834,1938-05-16,,999-97-7723,S99969427,false,Mrs.,Naomi167,Feest286,,Kirlin978,M,white,swedish,F,Douglas MA US,8026 Hermann Rest Medford MA 02156 US
8e998cf8-bf41-420e-8895-480687a42a45,1937-04-11,,999-45-2267,S99914867,false,Mr.,Francisco398,Gutmann684,,,M,black,dominican,M,North Andover MA US,84798 Phoebe Plaza Suite 628 Boston MA 02122 US
bbef7ca7-6954-485f-8401-60b4567bcee9,1994-11-30,,999-78-1203,S99937944,X23172556X,Mr.,Monserrat293,Kuhlman59,,,,white,irish,M,Sudbury MA US,387 Eugene Spurs Westford MA 01886 US
0200f565-8358-4e68-918a-76a49b3ceec9,1964-03-23,2008-06-23,999-81-6507,S99932722,X93605588X,Mrs.,Telly11,Renner889,,Borer511,M,white,german,F,New Bedford MA US,9556 Carter Keys Apt. 402 Worcester MA 01601 US
dca355a1-b9c4-4b43-8d92-08be46b89092,1916-08-24,2002-02-28,999-67-7696,S99934145,X41891954X,Ms.,Hector424,Cole345,,,S,hispanic,mexican,F,Everett MA US,52826 Juana Courts Belmont MA 02478 US
915a5229-1d30-4533-bd62-6945380ea821,1960-03-09,,999-56-1478,S99949858,X66440287X,Mr.,Tabitha406,Abshire51,,,S,black,african,M,Attleboro MA US,42933 Terence Bridge Apt. 754 Cambridge MA 02141 US
a0cfa664-e790-49ea-a234-2808e73b3ffb,1929-11-20,2000-07-26,999-17-3447,S99926956,false,Mr.,Aylin664,Crooks881,,,S,white,english,M,Boston MA US,504 Jackson Manor Suite 837 Haverhill MA 01831 US
b016546a-2b59-4779-a20a-938920759ad8,1930-03-13,1996-07-21,999-16-2031,S99981817,X44229965X,Mrs.,Mozelle979,Medhurst680,,White454,M,white,irish,F,Warren MA US,523 Feeney Street Suite 667 Boston MA 02121 US
e09f14be-fd37-48f4-b4c1-1de67563c560,1966-07-21,,999-14-6317,S99924462,X59268059X,Mr.,Liliana554,Mante734,,,S,white,english,M,Boston MA US,2596 Reed Plains Suite 535 Reading MA 01867 US
5797c516-2610-4579-b33a-8b027074a5ce,1969-12-13,1985-01-28,999-61-1121,,,,Madelyn519,Abernathy62,,,,white,english,F,Waltham MA US,28635 Jayme Bypass Apt. 975 Falmouth MA 02541 US
697fb2e0-beef-4b78-aecd-e1ec010f1bfe,2012-11-28,,999-12-9754,,,,Shakira758,Kunde405,,,,white,french,F,Hatfield MA US,5102 Mike Extensions Apt. 992 Brookline MA 02445 US
07810ee6-05c7-46d3-b2a2-89dfa59394f9,1987-01-11,,999-62-3898,S99978273,false,Mrs.,Verlie954,Price828,,Windler388,M,white,italian,F,Rutland MA US,9516 Simonis Plaza Suite 434 Boston MA 02199 US
033c73cd-a029-4532-b39a-f8c9fddc1b80,1934-01-04,1993-08-30,999-39-6771,S99995141,false,Mr.,Madge14,Mraz985,PhD,,S,white,irish,M,Groveland MA US,979 Abbott Lodge Boston MA 02133 US
aee523d9-4052-4fa9-a6c0-9edf45874b77,1976-08-01,,999-76-8905,S99980797,X79661637X,Mrs.,Hortense197,Sanford620,,Sanford620,M,hispanic,puerto_rican,F,Worcester MA US,8090 Bergstrom Isle Apt. 898 Pembroke MA 02359 US
9ebaeb6a-714e-43e4-80ea-05c39a8d6002,1943-10-19,1989-02-21,999-76-4441,S99997153,false,Mr.,Hailee540,Renner889,,,S,asian,chinese,M,Winchendon MA US,23902 Carolyn Corner Suite 999 Norwood MA 02062 US
23ef0d7d-ca9f-4ef1-aa0e-6f2c09c232bf,1946-05-23,,999-67-9254,S99986611,X36296811X,Mr.,Kenny865,Marquardt847,,,M,white,english,M,Andover MA US,876 Morar Light Adams MA 01220 US
ef76d222-f86f-4240-8a3c-e26ae24959f6,1972-09-19,,999-50-1928,S99952916,false,Mr.,Gwen993,Keeling82,,,S,white,swedish,M,New Bedford MA US,67745 Marlene Spur Boston MA 02114 US
01509ce7-14f8-4670-b7ec-5711904f91c6,1937-05-17,1997-08-27,999-96-4234,S99950018,false,Ms.,Godfrey613,Greenholt478,,,S,hispanic,mexican,F,Lynn MA US,791 Mekhi Ways Chicopee MA 01020 US
6066ea72-3ace-4714-8c54-68606cdc66db,2008-08-28,,999-61-2359,,,,Brian340,Hoppe775,,,,white,english,F,Somerville MA US,9489 Coleman Walk Brockton MA 02303 US
8ac34a75-052c-4491-a0b2-f012653de0db,1974-05-27,,999-20-9005,S99948343,X70938291X,Mr.,Greta948,Bartell120,,,M,white,english,M,Westfield MA US,308 Haley Well Townsend MA 01474 US
426573f4-0dd7-4ce7-b369-93646048632b,2017-05-03,,999-76-1468,,,,Desmond196,Spinka454,,,,white,polish,F,New Bedford MA US,20769 Cathrine Branch Lynn MA 01910 US
d4b2e9fa-c279-4a2d-a9e2-7996c18d5619,1998-11-10,,999-84-8891,S99944473,,Ms.,Roosevelt541,Veum529,,,,asian,chinese,F,Brimfield MA US,260 Bednar Spring Suite 813 Easthampton Town MA 01027 US
fd34cf85-bbf4-457a-9413-42c56a6d5a12,2008-05-06,,999-60-3019,,,,Nayeli435,Kohler488,,,,white,french,M,Springfield MA US,8324 Maria Loaf Rochester MA 02770 US
1670e871-8185-4f63-a433-970056a0f196,1977-05-20,,999-10-1234,S99987078,false,Mrs.,Logan37,Lakin255,MD,Ritchie386,M,white,portuguese,F,Boston MA US,54744 Hellen Cliff Franklin Town MA 02038 US
ff291aaa-603c-4a9e-a1a4-0dd6afbd1d6b,1943-08-21,2009-05-02,999-59-8123,S99950369,X19827603X,Mrs.,Tiana574,D'Amore456,,Gusikowski465,M,hispanic,central_american,F,Boston MA US,1193 Wolf Shoals Suite 207 Shrewsbury MA 01545 US
6cdb3457-a6d0-46c4-b943-21d5ba9e6a75,1991-09-12,,999-59-8483,S99929938,X62579235X,Ms.,Cassidy536,Rippin140,,,,white,french,F,Yarmouth MA US,1104 Tillman Lake Framingham MA 01703 US
da14ed2f-caa1-436d-aa88-da7552ec177d,1918-04-09,1975-09-30,999-34-1690,S99929088,false,Mr.,Raoul360,Paucek534,,,S,white,irish,M,Rehoboth MA US,1767 Vivienne Extension Dennis MA 02638 US
ebeb6da2-47b0-4bae-a85c-4e8124695b30,1965-02-09,,999-69-2232,S99931704,false,Mrs.,Cyril577,Durgan955,,Tillman384,M,white,english,F,Quincy MA US,401 Toby Hollow Suite 428 Hanover MA 02340 US
e0cc09af-e8bf-4669-9b11-789e0cb5f6de,2017-01-22,,999-87-4007,,,,Brayan141,Gottlieb202,,,,white,irish,F,Longmeadow MA US,91503 Jordane Squares Apt. 183 Sherborn MA 01770 US
e3a97307-7d74-41ff-88e9-3ecfb6313a99,1951-11-04,,999-31-9177,S99971343,X41588745X,Mrs.,Dee5,Hane622,,Zieme31,M,black,african,F,Beverly MA US,6715 Aufderhar Lake Suite 366 West Springfield Town MA 01090 US
2eb3996e-c706-4145-af08-309619325931,2015-09-04,,999-97-8899,,,,Clara75,Mills621,,,,white,portuguese,M,Cambridge MA US,514 Feest Valleys Dudley MA 01571 US
d9630bf5-7705-403b-a751-a8e67eef81ac,1947-10-19,2013-06-16,999-65-3159,S99971386,false,Mrs.,Adaline563,Schuster633,,O'Reilly975,M,black,african,F,Holyoke MA US,9209 Hintz Freeway Apt. 257 Nantucket MA 02554 US
401b39db-b386-4f38-9ba9-32976bb8756e,1944-11-28,,999-54-8592,S99966376,false,Mrs.,Halie443,Collins509,,Abbott230,M,white,french,F,Melrose MA US,3500 Florence Dam Suite 844 Millville MA 01529 US
e6d5ed22-28e6-4a5f-831e-07cc59aeaebf,1942-10-21,,999-97-2774,S99996605,false,Mr.,Terry282,Mann137,PhD,,S,white,french_canadian,M,Watertown Town MA US,14263 Reinger Neck Suite 215 Templeton MA 01468 US
61d7bbdc-f62c-41ce-848d-39958178f799,1921-04-12,1994-03-22,999-26-3903,S99946994,false,Ms.,Leila614,Nolan843,,,S,white,irish,F,Amesbury Town MA US,8537 Sofia Alley Revere MA 02151 US
11eec2b9-2f1d-4f1e-bbad-4d07d97f9814,1973-08-15,,999-73-5654,S99929722,X46546304X,Ms.,Jerome630,Prohaska537,,,S,white,irish,F,Reading MA US,5604 Pollich Drive Leominster MA 01453 US
fff33cd6-cc8d-4757-ba64-bae9bb9903ac,1966-03-26,,999-70-6408,S99923724,X50808172X,Mrs.,Lauryn316,Prohaska537,,Daugherty728,M,white,irish,F,Worcester MA US,11128 Hirthe Common Suite 711 Worcester MA 01607 US
fa0f1db3-8bac-4777-a6ff-c486e62c0d41,1928-01-29,1995-03-26,999-26-4474,S99940235,X71187224X,Mr.,Dell907,Nitzsche582,,,S,white,irish,M,Bellingham MA US,562 Lavada Brooks Gloucester MA 01930 US
d221d57a-deda-4780-8be9-aa2d9c4c6754,1940-09-21,,999-76-2503,S99976970,X40296308X,Mrs.,Elissa915,Hamill374,,Rogahn883,M,white,american,F,Fitchburg MA US,9291 Lawson Trail Apt. 140 Milton MA 02186 US
2713e86c-2544-40c6-97ca-4ffcf03da02c,1930-07-22,2016-10-25,999-92-9271,S99980505,X50433302X,Mr.,Emie665,McClure586,MD,,S,white,german,M,Agawam Town MA US,28802 Weber Isle Bourne MA 02532 US
547ecadf-d6c8-4b48-945b-cc24076790ee,2001-10-09,,999-67-2190,,,,Cielo30,Walker602,,,,white,swedish,F,Cambridge MA US,91002 Robel Crossroad Boston MA 02111 US
168705f7-e8de-4554-ab6c-623e67c0b36f,1953-09-04,,999-24-5788,S99947248,X27551770X,Mr.,Geovanny10,O'Conner139,,,M,white,italian,M,Middleborough MA US,4123 Maryam Cliffs Boston MA 02124 US
7b2d21d0-a0d6-491b-b607-6e2880a72c8f,1916-06-30,1993-02-05,999-92-5239,S99938130,false,Mr.,Linnea524,Windler388,,,M,white,italian,M,Barnstable Town MA US,12205 Marta Squares Raynham MA 02767 US
be09f81e-ab3b-4222-b413-31ce1f930886,1953-12-23,,999-73-7752,S99976480,false,Mrs.,Madisen74,Olson566,,Wuckert813,M,white,irish,F,Hingham MA US,33508 Tremayne Summit Barnstable Town MA 02630 US
0e9e4944-7441-4d8d-8246-c0a704578e60,2007-05-11,,999-22-8143,,,,Maddison93,Maggio576,,,,white,irish,M,Lee MA US,216 Laurie Shores Boston MA 02135 US
7cc7ce70-14bb-483a-a525-eba566b1e5a8,2003-03-10,,999-33-1215,,,,Kali689,Funk49,,,,white,french,M,Boston MA US,33850 Maeve Underpass Suite 991 Quincy MA 02169 US
7872e610-f18c-487c-9c82-08b8ac219f53,1997-02-04,,999-29-6480,S99981232,X64215239X,Mr.,Ulices19,Bayer474,,,,white,irish,M,Boston MA US,3096 Agustin Walk Apt. 645 Malden MA 02148 US
aa6d1f5d-f43a-4eda-8c06-865aba2e8586,2006-07-19,,999-72-2838,,,,Parker438,Frami913,,,,white,italian,F,Boston MA US,84760 Alivia Course Ware MA 01082 US
475e5187-c31e-4306-88e6-db8fb5048655,1926-02-06,1991-11-09,999-75-6148,S99957505,false,Ms.,Vinnie286,Kunze600,,,S,white,irish,F,Waltham MA US,57275 Dibbert Station New Bedford MA 02740 US
72547ec8-099a-49fa-81e5-3c930ae4c630,1924-12-06,1984-09-19,999-37-5977,S99910096,false,Mrs.,Terrell128,Rodriguez502,,Collier16,M,white,american,F,Chelmsford MA US,53611 Kling Via Marshfield MA 02050 US
a0ebdd55-6853-4d64-be7d-abf71fa7d001,1931-10-30,,999-30-6069,S99964133,false,Mr.,Tressie684,Feil820,,,S,black,african,M,Bridgewater MA US,4207 Betsy Pike Apt. 705 Framingham MA 01704 US
50cb4022-0ea4-47c0-a6c3-22c59b5b8595,2010-01-18,,999-91-5210,,,,Fannie699,Schaefer625,,,,white,french,M,Fall River MA US,8541 Huels Extensions New Bedford MA 02742 US
aed15a21-de6a-41f8-920c-3617ecfea255,1936-01-10,1993-01-22,999-80-6053,S99917981,X81605509X,Mr.,Samson428,Carter587,,,M,white,irish,M,Lowell MA US,47672 Bryce Fork Suite 978 Westfield MA 01086 US
3a48d246-2bca-4712-9ff6-368a019d1637,1943-12-04,1990-05-05,999-69-2784,S99964339,X95035629X,Mrs.,Genesis120,Heaney932,,Hansen548,M,white,italian,F,Worcester MA US,768 Nayeli Track New Bedford MA 02740 US
e7f8706a-027e-4d0d-9820-d72547370d7e,2012-12-30,,999-37-3594,,,,Zechariah153,Quitzon420,,,,white,italian,M,Winthrop Town MA US,450 Amos Shoal Suite 354 Sandwich MA 02563 US
b35516d3-2969-4681-a8f5-acb9df6c151f,1967-07-12,,999-56-3960,S99964918,X40584818X,Mr.,Willa899,Morissette778,,,M,white,french,M,Northborough MA US,921 Bayer Ports Suite 469 Falmouth MA 02541 US
01238099-5a72-44bf-988f-4c251d0687c3,1954-02-23,,999-17-8663,S99978647,X16600575X,Mr.,Salma683,Heller54,,,M,white,irish,M,West Springfield Town MA US,7784 Dickens Haven Beverly MA 01915 US
cb01efe0-1ffa-4fc0-b256-0ffa3dbd6dec,2001-03-19,,999-18-8790,S99928800,,,Casper486,Kozey538,,,,hispanic,puerto_rican,M,Duxbury MA US,9341 Bergnaum Center Boston MA 02284 US
2a718daa-425f-4be7-b2ac-d09921f74bdb,1947-01-24,1994-06-10,999-43-3425,S99916995,false,Mr.,Watson908,Bednar897,,,M,black,dominican,M,Plymouth MA US,37921 Turcotte Plaza Apt. 283 Boston MA 02121 US
fb902106-22ef-4b10-8928-9953a0a7c605,1974-01-17,,999-53-3767,S99978669,X25145661X,Ms.,Celestino906,Reilly578,,,S,white,irish,F,Chelmsford MA US,983 Casey Neck Suite 560 Wayland MA 01778 US
c4d483a0-c1e4-4319-afd4-f6d08b68844b,1995-07-12,,999-51-2774,S99998979,false,Mr.,Letha674,Emmerich933,,,,white,english,M,Norwood MA US,48781 Niko Meadow Suite 463 Framingham MA 01704 US
80bb916d-7422-4ed0-98a9-d21831652709,1957-05-26,2012-03-11,999-23-9529,S99931941,false,Mrs.,Delpha463,Daugherty728,,Pollich341,M,white,french_canadian,F,Boston MA US,27340 Ziemann Cove Haverhill MA 01831 US
1a79e717-991e-4a88-992f-78deb20c4c47,1934-08-09,1986-08-28,999-26-2938,S99938374,X98299518X,Mrs.,Moshe720,Okuneva369,,Pouros291,M,white,english,F,Worcester MA US,37219 Eichmann Spurs Suite 771 Winchester MA 01890 US
200b6381-0618-4853-a325-780ae20c1679,1937-12-01,1986-04-24,999-87-8958,S99978838,false,Mr.,Scarlett458,Bauch948,,,M,white,italian,M,Stoneham MA US,7150 VonRueden Crescent Warwick MA 01364 US
1b6c41b3-36e1-429e-b2cf-f6cce78bfef0,1978-02-20,,999-82-8112,S99912121,false,Ms.,Kolby651,Turcotte476,,,S,white,italian,F,Boxford MA US,3062 Graham Bridge Apt. 263 Springfield MA 01139 US
2443f9c7-de86-44f8-bbbd-3e2638e02218,1972-11-23,,999-97-3682,S99969746,false,Mr.,Eileen9,Fahey953,,,M,asian,chinese,M,Boston MA US,438 Herminio Valleys North Adams MA 01247 US
fc7ba4a2-c54a-48af-9079-03cec235fb29,1986-06-20,,999-19-1895,S99987695,X72932567X,Ms.,Cristian343,Koelpin224,,,S,hispanic,mexican,F,Oxford MA US,9788 Arden Plains Braintree Town MA 02184 US
13d5b177-297c-4732-9d2a-8d4e975898ac,1930-05-15,,999-70-5649,S99984101,false,Mrs.,Rylan763,Leannon72,,Beer769,M,white,portuguese,F,Lowell MA US,252 Shanahan Rue Cambridge MA 02138 US
dd786770-3e70-43af-a57e-ecb4548f0731,1970-10-17,,999-98-1547,S99993678,false,Mr.,Kathryn541,Simonis989,,,M,white,irish,M,Norwood MA US,933 Nico Village Haverhill MA 01835 US
c1a55066-21a0-44a0-bcf9-644e49db0d5e,1929-11-20,2008-11-12,999-52-8783,S99953309,false,Mr.,Heaven589,Kub372,,,M,white,portuguese,M,Watertown Town MA US,12499 Donnie Trail Apt. 831 Rockport MA 01966 US
195bb966-0e5e-4c00-8f5e-258b61c7f59e,1924-09-13,2007-04-28,999-64-2150,S99975256,false,Mr.,Griffin176,Swift15,,,M,white,russian,M,Arlington MA US,69385 Connie Ville Suite 744 Newton MA 02464 US
28f286e2-fec0-4caf-ba76-9af08286461b,1938-06-03,,999-38-4863,S99966877,X34048538X,Mrs.,Bulah24,Rowe685,,Lynch941,M,white,french,F,Marlborough MA US,81319 Bonnie Harbor Northampton MA 01062 US
482e38b5-6108-4b34-a2e9-f160e1462577,1978-07-08,,999-94-4547,S99952210,X59956282X,Mr.,Gerson185,Pfeffer539,,,M,black,african,M,Barnstable Town MA US,3763 Julius Street Suite 192 West Springfield Town MA 01090 US
90a92351-08e6-4103-8e6b-b676de19a812,1950-04-09,1965-06-15,999-59-2410,,,,Rubie247,Shanahan540,,,,white,italian,F,Plainville MA US,869 Nicolas Crest Southbridge Town MA 01550 US
3da74e7f-a983-41d4-82e6-6a7c823d1284,1942-12-23,,999-71-6677,S99988517,X85551388X,Mr.,Modesto110,Jaskolski315,,,S,black,african,M,Oxford MA US,30725 Cristopher Harbors Apt. 742 Pittsfield MA 01203 US
e7592d8b-1f0b-422d-b080-c7581b476821,1954-02-20,,999-26-4637,S99978590,false,Mr.,Blanca832,Rolfson330,,,M,white,irish,M,Amherst MA US,3092 Skiles Hollow Apt. 453 Reading MA 01867 US
1c2bef1a-d60e-45bd-98cb-103f5141dd3c,1940-03-16,,999-97-5237,S99923250,X21145582X,Mrs.,Emerson660,Schimmel260,,Ondricka671,M,white,polish,F,Boston MA US,3316 Murphy Tunnel Suite 525 Westfield MA 01085 US
958186ea-15ca-4413-863d-7d73784919a4,2001-02-28,,999-86-1702,S99976916,,,Moses199,Marquardt847,,,,hispanic,puerto_rican,F,Russell MA US,30591 Rahul Summit Boston MA 02108 US
671197cd-76a8-4d65-b7bd-dc860458a86f,1987-10-07,,999-56-4445,S99950158,false,Ms.,Ofelia869,Walker602,,,S,white,swedish,F,Lexington MA US,485 Dorothea Locks Boston MA 02199 US
937c5b90-65c4-4741-8e16-a127e1152cc3,1967-11-14,,999-25-2785,S99959065,false,Mr.,Callie16,Smith379,,,M,white,irish,M,Egremont MA US,749 Parisian Rest Suite 369 Billerica MA 01821 US
c98d2177-b2d4-42be-b3e1-3c07638b927e,1968-07-25,,999-52-6699,S99999256,false,Mrs.,Monserrate881,Leffler433,,Ryan956,M,white,russian,F,Waltham MA US,401 Easter Corners Randolph MA 02368 US
0e6f89c9-fade-4139-87de-a5321d587be2,2010-07-08,,999-65-9914,,,,Marlon53,Davis840,,,,white,polish,F,South Hadley MA US,67754 Alvis Fields Newburyport MA 01951 US
1e3a96a4-08ba-4cc8-b444-e1360fc167c2,2009-05-13,,999-19-7487,,,,Koby24,Morissette778,,,,white,american,F,Westford MA US,9986 Leannon Vista Suite 184 Canton MA 02021 US
8d06ff14-c047-420c-9721-5a81dfa8075c,1969-08-10,2004-08-18,999-99-4853,S99951272,X28188994X,Mr.,Albertha114,Waters602,,,S,white,italian,M,Chicopee MA US,349 Jason Roads Swansea MA 02777 US
2b8a5b96-964c-4627-823b-3a9ebcb7eee4,1920-09-01,2001-09-14,999-34-4075,S99950533,false,Mr.,Marianna574,Stiedemann345,,,S,white,russian,M,Boston MA US,361 Santa Shore Apt. 334 Wilmington MA 01887 US
5f9b9cb7-6b66-4bca-933f-ae920cadd3da,1979-10-28,,999-29-4525,S99910031,X87036551X,Mr.,Kian691,Hane622,,,M,white,italian,M,Stoughton MA US,9126 Lockman Loaf Apt. 683 Boston MA 02211 US
89d1162f-d860-4cd7-b8e9-0161764465fc,1970-06-12,,999-48-6128,S99943462,X11397121X,Mr.,Beatrice506,Bauch948,,,M,white,american,M,Mansfield MA US,281 Beer Courts Malden MA 02148 US
6d487e8f-2e81-4ce2-b819-f7a2867debfb,1962-10-21,,999-66-9256,S99927616,X84032529X,Mrs.,Keenan209,Ryan956,,Thompson397,M,white,american,F,Fitchburg MA US,961 West Vista Suite 608 Concord MA 01742 US
3bb3563f-60a4-4038-9776-fe017c34ab2e,2009-09-08,,999-47-8082,,,,Emory815,Quigley926,,,,white,portuguese,M,Springfield MA US,183 Kuhlman Highway Marshfield MA 02050 US
b21513ec-12c1-4cac-8cc9-e9d757cb974a,2003-06-14,,999-43-3943,,,,Nova953,Howell741,,,,white,irish,M,Newton MA US,1354 Orn Roads Apt. 522 Worcester MA 01607 US
46be2a76-3056-4faa-a94e-46ac1ca080e9,2005-05-19,,999-39-6807,,,,Oma654,Bosco559,,,,white,polish,F,Waltham MA US,78226 Angus Fork Suite 490 Marblehead MA 01945 US
733b82f6-76de-4c52-9eb4-ed032d5c98d8,1941-07-19,,999-23-2696,S99978260,false,Mrs.,Aimee333,Bednar897,,Von650,M,white,russian,F,Boston MA US,95448 Hayes Ferry Suite 736 Norfolk MA 02056 US
1b8acdbc-7d65-4c1b-8e08-0a0adb0e54f6,1984-06-16,,999-38-3455,S99950845,false,Mrs.,Lenna72,Murphy896,,Windler388,M,white,irish,F,Lynn MA US,75422 Prohaska Park Apt. 448 Agawam Town MA 01001 US
ea002c7b-912d-4f2a-9516-da36da57680c,1964-11-02,,999-75-8645,S99923229,X52800496X,Ms.,Hershel364,Crona155,MD,,S,white,scottish,F,Middleborough MA US,326 Nicolas Rest Apt. 642 Seekonk MA 02771 US
43bb867a-9346-4932-a52c-c0f145934bca,1980-06-19,,999-91-7169,S99917825,false,Mrs.,Anika394,Price828,,Fahey953,M,white,polish,F,Hampden MA US,84500 Pollich Isle Apt. 290 Easton MA 02334 US
55844886-060d-405d-854d-21f74d5fa1a6,1975-11-28,,999-81-8247,S99953868,false,Mrs.,Sammie728,Connelly175,,Blanda182,M,asian,asian_indian,F,Wilbraham MA US,873 Mraz Loaf Suite 442 Fitchburg MA 01420 US
d96771c2-dc14-400c-bfe9-c1c4c423cd9f,2001-01-30,,999-59-1236,S99914123,,,Zula151,Simonis989,,,,white,italian,M,Attleboro MA US,700 Price Road Suite 330 Westford MA 01886 US
a9ed4ef7-e554-4ecf-a2a8-9a4c1cdbcfa9,1938-10-01,2016-07-30,999-26-1969,S99920951,false,Mrs.,Karlee408,Klocko336,,Stamm426,M,white,irish,F,Lawrence MA US,60171 Yoshiko Ways Suite 624 Lynn MA 01901 US
a7cd4f68-47b8-4e3d-8318-0f690873aa21,1949-09-12,,999-18-5316,S99944753,X56800576X,Mrs.,Eugene652,Adams346,,Jacobs102,M,white,german,F,Boxford MA US,8483 Oliver Inlet Saugus MA 01906 US
e1920c2d-8baf-4278-ae3d-369016c3d047,1966-01-21,,999-25-1724,S99985920,false,Ms.,Bulah24,Sanford620,,,S,white,irish,F,Newburyport MA US,87250 Schmidt Vista Randolph MA 02368 US
8de2e6be-43ec-41dc-8045-a278c4554339,1953-02-21,,999-34-9150,S99996810,false,Mr.,Chance699,Sauer685,,,M,white,italian,M,Brookline MA US,5092 Sherman Stravenue Apt. 347 Hanson MA 02341 US
e4153816-e8ef-42c4-af5f-32018dadff58,2004-01-12,,999-26-4843,,,,Loyce825,Kreiger826,,,,white,italian,F,Fairhaven MA US,4240 Sage Corner Apt. 710 Hopkinton MA 01748 US
609929ce-28b7-49bf-a165-3460e5f707f6,1965-04-08,,999-77-1323,S99953729,X69928971X,Mr.,Janet27,Gusikowski465,,,M,white,irish,M,Taunton MA US,763 Kub Station Apt. 205 New Bedford MA 02741 US
0126cb6c-9fe8-492d-b636-f49e625cd7af,1979-03-12,,999-71-2292,S99923778,X74846598X,Mrs.,Letitia319,Pfeffer539,,Pfeffer539,M,white,portuguese,F,Plymouth MA US,15461 Darlene Rue Apt. 936 Montague MA 01351 US
27e78755-d29a-4d3f-aceb-96028a9308f6,1982-09-08,,999-12-1972,S99983144,false,Mr.,Faye394,Schamberger299,,,S,hispanic,central_american,M,Hingham MA US,5364 Francisco Expressway Apt. 239 Boston MA 02283 US
4d281034-5582-4c26-a705-ec3d6180df9d,1990-06-21,,999-29-7626,S99973754,false,Ms.,Dagmar205,Gibson834,,,,white,irish,F,Greenfield Town MA US,65317 Kirlin Fork Suite 472 Middleborough MA 02349 US
b4a78940-4c57-43c1-a75c-eab906288f2b,1982-09-15,,999-40-2871,S99913920,X96605648X,Mr.,Jolie463,Bednar897,,,M,white,italian,M,Brockton MA US,7353 Tabitha Centers Quincy MA 02269 US
ec5d3c09-9566-4cdf-9b3b-547f967d858d,1941-01-29,1984-06-13,999-28-1621,S99984976,X61891756X,Mrs.,Maude338,Feeney406,,Carroll140,M,white,german,F,Amesbury Town MA US,90089 Hirthe Landing Fall River MA 02720 US
5d360042-014c-443f-a97e-0f7a74e419f1,1941-05-06,,999-12-6939,S99947022,X72925671X,Mr.,Maymie241,Weissnat157,,,M,white,english,M,East Bridgewater MA US,32466 Fisher Circles Suite 653 Ware MA 01082 US
73c5a874-0407-485e-a79a-729c4922ef78,2010-08-22,,999-78-8497,,,,Jada109,Bashirian963,,,,white,irish,M,Lowell MA US,67926 Prohaska Vista Suite 194 Norton MA 02766 US
50b3575a-4fe4-4d10-9452-b5d9238ab1fb,2008-08-15,,999-30-2369,,,,Hubert78,Watsica132,,,,white,italian,M,Stoneham MA US,5846 Syble Estates Apt. 930 Clinton MA 01510 US
271e69bc-7084-49e2-872e-e9a22031d2e1,1930-01-08,2014-12-24,999-38-1187,S99943491,X84841350X,Mr.,Kristopher367,Moore848,,,M,white,russian,M,New Bedford MA US,40476 Willms Parkways Weymouth Town MA 02188 US
e8047ee2-748b-4f56-8cbe-cdf486200a37,1988-03-07,,999-29-3914,S99945489,false,Mr.,Giovani637,Gorczany612,,,M,white,polish,M,Waltham MA US,81360 Lubowitz Wall Suite 370 Arlington MA 02475 US
fdcc5fe2-3928-4af0-bd07-96bff4ad5876,1948-07-18,,999-42-7977,S99914304,X99131369X,Ms.,Neoma323,Pfannerstill191,,,S,white,irish,F,Lawrence MA US,599 Kathlyn Row Apt. 745 Gloucester MA 01931 US
b3442b61-a871-47cb-aae5-d9ae7247b4be,2016-08-22,,999-47-3068,,,,Lelah383,Schmidt802,,,,white,russian,M,Natick MA US,82861 Albertha Shores Winchendon MA 01475 US
d27d893e-5cba-4ecc-82c5-f9035ce4efcd,1993-06-05,,999-16-6316,S99912561,X91306276X,Mr.,Kayla604,Purdy466,,,,white,french,M,Boston MA US,5214 Reichert Motorway Apt. 681 Burlington MA 01805 US
4abcd748-2c05-456d-bba0-036f31c4f503,2007-12-08,,999-39-7756,,,,Toby235,McClure586,,,,white,german,M,Reading MA US,37795 Hettinger Branch Lawrence MA 01841 US
d8e3c301-9578-49bd-aa42-3cffd462f17a,1972-06-30,,999-62-5573,S99919185,false,Ms.,Jaquan442,Green37,,,S,white,italian,F,Barnstable Town MA US,486 Oren Highway Boston MA 02136 US
f2b7c237-6570-4955-962a-e4a758ffa517,1979-01-01,,999-52-3769,S99959699,X68297278X,Mrs.,Cristopher121,Breitenberg39,,Herzog471,M,white,italian,F,Granville MA US,5579 Johns Walk Suite 450 Westfield MA 01085 US
33db2314-104a-4f78-81e0-817552dfe511,1996-12-25,,999-66-7621,S99965483,X68396266X,Mr.,Rocio658,Marvin820,,,,black,african,M,Fall River MA US,15012 Homenick Field West Springfield Town MA 01090 US
71672f93-ffa4-4a15-8164-2ccf71e619d4,2013-08-29,,999-69-4843,,,,Thalia561,Wolf324,,,,white,irish,M,Hudson MA US,279 Liam View Apt. 797 Quincy MA 02170 US
11584bd2-a609-40f2-be0c-382a1d8af290,1989-09-22,,999-52-7777,S99953490,false,Mrs.,Jermaine54,Lang827,,Feeney406,M,white,italian,F,Middleborough MA US,49410 Macejkovic Flat Somerville MA 02143 US
60a35c22-c6d7-47f8-a4a0-b78679fc2aca,1917-11-26,1943-03-22,999-47-4452,S99979256,X53268201X,Mr.,Valentina356,Auer189,,,,white,polish,M,Milford MA US,10432 Garrett Shores Nantucket MA 02584 US
bcaeaac2-fd6a-4303-a58a-01a6b077dcd6,1979-11-22,,999-93-8214,S99964560,false,Mrs.,Ford129,Rau728,,Ullrich228,M,white,irish,F,Worcester MA US,189 Evelyn Summit Milford MA 01757 US
2c60a6f9-36fa-44c8-a2d2-6a751c4697dc,1929-05-11,,999-83-4199,S99984298,X26874787X,Mrs.,Brent785,Bauch948,,Ortiz629,M,white,french_canadian,F,Springfield MA US,38626 Reanna Underpass Apt. 733 Quincy MA 02171 US
4840f12b-625a-4b6e-856a-5359e6604b74,1986-07-31,,999-63-7399,S99993840,X83411799X,Mr.,Kory604,Langworth79,,,M,hispanic,puerto_rican,M,Andover MA US,32009 Macejkovic Place Suite 173 Williamstown MA 01267 US
f0badc58-ff78-43c8-af92-b3c03f515fe3,1961-09-14,1981-02-19,999-28-6600,S99962102,,Mr.,Melisa99,Lemke143,,,,white,polish,M,Boston MA US,8644 Cary Loop Springfield MA 01108 US
7963ccad-00fd-4b81-9291-b7ae452cd188,2013-03-10,,999-36-7425,,,,Thelma33,Lang827,,,,white,french,F,Boston MA US,857 Carroll Greens Apt. 164 Springfield MA 01107 US
7c9dddca-09f9-44b1-8cc0-ca24e7862a81,1970-04-19,,999-85-9773,S99913208,false,Mrs.,Brock56,Jerde952,,Lehner231,M,white,italian,F,North Attleborough MA US,8300 Reyna Knoll Norwell MA 02061 US
b9e31725-15d7-4326-9860-ff3b38af43a8,1950-07-19,,999-38-7044,S99948626,X19312966X,Mr.,Ena49,Veum529,,,M,white,french_canadian,M,Brockton MA US,369 Blick Pines Hull MA 02045 US
8c349b23-0f08-47dc-a2e9-6e1aeb018444,1934-07-18,2013-05-15,999-54-1702,S99972425,false,Mrs.,Rosendo803,Bednar897,,Brown709,M,white,german,F,Millis MA US,186 Wyman Island Easton MA 02334 US
0746b3ad-185c-4cce-b77c-23c6c74876b3,1994-05-12,,999-52-7319,S99993564,false,Ms.,Claire706,Wiegand980,,,,white,irish,F,Worcester MA US,1228 Kuvalis Run Agawam Town MA 01001 US
492d328c-7513-4e36-b44c-070861af38c1,1937-03-18,2013-11-21,999-16-4717,S99988627,X98209735X,Mr.,Elsa209,Lesch730,,,M,white,swedish,M,Revere MA US,18752 Ullrich Bridge Norwood MA 02062 US
20aef54b-9af9-4922-9cca-29b72c0c7101,1962-08-26,,999-74-1077,S99985944,X94202090X,Mr.,Kolby651,O'Hara401,,,S,white,italian,M,Springfield MA US,379 Sadie Spur Springfield MA 01115 US
98ae78c1-ae54-4fde-a5f5-587ff8d680b0,1930-05-04,1997-02-23,999-79-7934,S99990082,false,Mr.,Mossie382,Maggio576,,,M,white,german,M,Lawrence MA US,611 Stanton Motorway Adams MA 01220 US
e03581d8-87b7-44c5-ba7e-028cc534de80,1998-03-15,,999-70-7353,S99978712,,Ms.,Claude0,Quitzon420,,,,white,german,F,Falmouth MA US,43335 Roosevelt Club Waltham MA 02452 US
91a39ff1-89fc-443b-8d88-caa029f77146,1966-08-03,,999-83-5131,S99985638,false,Mrs.,Kristina101,Boehm244,,Koss739,M,asian,chinese,F,Boston MA US,64414 Price Via Royalston MA 01368 US
af1f12e3-2267-4442-8066-69d966dfb931,1925-06-12,2010-12-03,999-28-5581,S99991209,false,Mr.,Helena617,Christiansen941,MD,,M,white,english,M,Brockton MA US,638 Sherman Corner Revere MA 02151 US
2611b261-686a-4ebf-8384-4a8a6dcfec46,1939-09-17,2005-09-17,999-77-5046,S99988798,X49107433X,Mr.,Khalid320,Feil820,,,M,white,swedish,M,Boston MA US,85697 Katherine Green Worcester MA 01655 US
b5bd495c-1994-4d67-b4df-cf9eeb49fe4c,1964-01-06,2015-03-21,999-55-6600,S99932346,X25000602X,Mrs.,Forrest838,Kuvalis500,,Hickle776,M,hispanic,central_american,F,Douglas MA US,67095 Jerde Glens Hingham MA 02044 US
bf845c22-63dc-4fb7-ac3b-1876d4d7a911,1924-02-01,2000-12-15,999-87-4531,S99939935,X47864410X,Mr.,Hiram433,Okuneva369,,,M,white,irish,M,Malden MA US,78935 Chyna Roads Apt. 763 Walpole MA 02081 US
c6a95d10-4702-4f5d-b6d2-ab7160b229e8,1961-05-30,,999-58-6287,S99936406,X11351663X,Ms.,Shanon434,Mosciski57,,,S,white,french,F,Worcester MA US,20563 Cassidy Club Stoneham MA 02180 US
c23a6c94-36b0-4773-abdf-52d5cc7a9b86,1990-05-07,,999-96-3628,S99990581,X91808131X,Ms.,Carley583,Hahn654,,,S,black,dominican,F,Holyoke MA US,48153 Merritt Village Taunton MA 02783 US
e2c9f1b5-02e0-401f-9cfd-d0b1bffd4059,1928-06-16,2013-04-03,999-86-6151,S99982540,false,Ms.,Jarrell336,Pacocha869,,,S,white,english,F,Fitchburg MA US,26406 Sydnie Dam Apt. 425 Worcester MA 01612 US
9e76a7eb-63b8-4d8f-8206-8ec7a5bea67d,1925-04-03,,999-36-2835,S99925904,false,Mrs.,Camren675,Willms242,,Lockman230,M,white,polish,F,Mansfield MA US,237 Caesar Avenue Boston MA 02122 US
699edc3a-df2d-4f53-87b2-c1cc4cfa6927,1980-07-19,1980-08-30,999-93-8972,,,,Reece133,Kreiger826,,,,white,irish,F,Manchester-by-the-Sea MA US,3636 Katelin Spurs Suite 351 Amesbury Town MA 01913 US
bbe836e9-5075-482b-b753-c7962f73dac4,1919-07-04,2000-02-25,999-92-5107,S99953535,X40294556X,Mr.,Lilyan513,Satterfield107,,,M,white,irish,M,Milford MA US,8050 Godfrey Points Apt. 619 Milton MA 02186 US
11a9b862-9031-480a-a0f5-2191915033c2,1994-09-08,,999-46-1595,S99955135,X15643767X,Ms.,Wilburn89,Keebler566,,,,white,english,F,Worcester MA US,631 Kohler Knoll Concord MA 01742 US
b2a60e1c-f59c-43a0-a820-33afef2b9a07,1941-07-24,2007-05-10,999-24-5711,S99952073,X93065954X,Mr.,Braulio820,Bogisich1,,,M,white,polish,M,Wellesley MA US,744 Rohan Motorway Sandwich MA 02563 US
13c3bc9b-edb1-4eca-8ae5-dc45cc91c4c0,1963-11-01,,999-30-7812,S99945625,X12293547X,Mrs.,Arvel836,Bins655,,Wiegand980,M,hispanic,puerto_rican,F,Brookline MA US,335 Schuppe Spring Suite 636 Boston MA 02132 US
58eba653-24d5-4593-8c23-1885868c021a,1945-08-08,2015-07-15,999-13-6733,S99914002,X47728866X,Mr.,Kaylee397,Carroll140,,,M,white,french_canadian,M,Everett MA US,6434 Mittie Lock Apt. 715 Springfield MA 01115 US
2156b012-d1fe-43fd-bfde-5c1cf0dd44a0,1961-09-04,,999-89-4121,S99924199,false,Mrs.,Elta67,Metz966,,Hayes933,M,white,irish,F,Boston MA US,14931 Name Springs Weston MA 02493 US
9a0ec1a5-b36f-4b60-8d4c-8456400316da,2001-01-16,,999-76-6708,S99961092,,,Dena975,Roberts762,,,,white,english,M,Braintree Town MA US,1237 Vita Wells Weymouth Town MA 02191 US
3bbe84ab-2e00-4936-8c59-3ed462d2cd70,1978-12-19,,999-41-4749,S99988891,false,Ms.,Silas851,Schneider735,,,S,white,french,F,Holbrook MA US,400 Craig Crescent Apt. 563 Boston MA 02206 US
ad132b79-1db2-420c-9371-aac718036438,1994-04-05,,999-22-9744,S99914466,X45894213X,Mr.,Briana207,Ondricka671,,,,white,italian,M,Brookline MA US,116 Batz Tunnel Apt. 273 Yarmouth MA 02675 US
72ac926f-cb66-4275-a23a-b15549f6fba5,1970-09-07,,999-16-1888,S99947624,X59822081X,Mr.,Hardy127,Rolfson330,,,S,white,polish,M,Springfield MA US,2172 Ellsworth Spring Malden MA 02148 US
2a7bae2c-4d82-4b28-9f61-8e57edaa9d86,1994-10-21,,999-69-6984,S99935608,false,Ms.,Yazmin516,Robel554,,,,white,irish,F,Waltham MA US,5185 O'Connell Fork Randolph MA 02368 US
6af51bd5-135a-4aee-baff-fbda0bb6ac7f,1917-08-08,1954-09-08,999-88-1885,S99962596,X75265093X,Mrs.,Ike479,Dach121,,Crooks881,M,white,french_canadian,F,Westfield MA US,77297 Neha Spring Worcester MA 01606 US
89dc333c-80aa-4901-bda3-85522432b0f3,1957-06-10,,999-97-7127,S99910215,false,Mr.,Kamron510,Stroman902,,,S,white,portuguese,M,Gloucester MA US,6155 Jaclyn Pike Northampton MA 01061 US
72d8e042-3f74-40a9-bca7-b3dc85d899cb,1930-04-24,1997-11-27,999-66-9233,S99974318,X32648956X,Mr.,Dario615,Upton809,,,M,white,polish,M,Agawam Town MA US,4017 Wellington Parks Apt. 590 Haverhill MA 01832 US
0f8e9907-1104-4a4d-9621-8870a3d4abbe,1921-09-30,2014-02-07,999-56-7948,S99947188,false,Ms.,Major379,Satterfield107,,,S,white,french_canadian,F,Bedford MA US,420 Gulgowski Wall Middleton MA 01949 US
610da85b-a04a-48e3-a390-6cf02c9eacee,1984-06-12,,999-20-3906,S99992158,false,Mrs.,Modesto110,Connelly175,,Conroy678,M,white,irish,F,Taunton MA US,6718 Lowe Extension Suite 997 Marshfield MA 02065 US
